Model,MAE,MSE,Coverage.95.PI,WIS,AICc,RelativeLikelihood
NSE-ranked(1),240.8885004,147019.7656,75,202.7920293,125.5520703,1
NSE-ranked(2),360.6996491,228213.5314,75,281.1879165,261.8510761,2.52957143179354e-30
NSE-Ensemble(W),240.8885004,147019.7656,75,201.8966595,,
NSE-Ensemble(UW),294.5173391,183483.6943,75,232.9427625,,
